date,fund,IC,IF
2014-01-02 00:00:00,1.01,,2331.8
2014-01-03 00:00:00,0.999,,2302.4
2014-01-06 00:00:00,0.978,,2240.8
2014-01-07 00:00:00,0.981,,2238.4
2014-01-08 00:00:00,0.986,,2241.2
2014-01-09 00:00:00,0.977,,2223.6
2014-01-10 00:00:00,0.968,,2218
2014-01-13 00:00:00,0.965,,2204.4
2014-01-14 00:00:00,0.976,,2217.6
2014-01-15 00:00:00,0.976,,2211.6
2014-01-16 00:00:00,0.978,,2211.2
2014-01-17 00:00:00,0.968,,2182.8
2014-01-20 00:00:00,0.962,,2184.6
2014-01-21 00:00:00,0.972,,2206.4
2014-01-22 00:00:00,0.993,,2254.6
2014-01-23 00:00:00,0.992,,2244.2
2014-01-24 00:00:00,0.999,,2251.8
2014-01-27 00:00:00,0.988,,2227
2014-01-28 00:00:00,0.99,,2230.8
2014-01-29 00:00:00,0.996,,2240
2014-01-30 00:00:00,0.988,,2199.2
2014-02-07 00:00:00,0.996,,2214.6
2014-02-10 00:00:00,1.02,,2260.4
2014-02-11 00:00:00,1.027,,2277.4
2014-02-12 00:00:00,1.036,,2284
2014-02-13 00:00:00,1.025,,2273.4
2014-02-14 00:00:00,1.033,,2288.4
2014-02-17 00:00:00,1.046,,2305.4
2014-02-18 00:00:00,1.033,,2280.4
2014-02-19 00:00:00,1.039,,2308.8
2014-02-20 00:00:00,1.026,,2282.8
2014-02-21 00:00:00,1.02,,2266.2
2014-02-24 00:00:00,1.002,,2206.2
2014-02-25 00:00:00,0.975,,2145.6
2014-02-26 00:00:00,0.98,,2149
2014-02-27 00:00:00,0.976,,2148.2
2014-02-28 00:00:00,0.988,,2174
2014-03-03 00:00:00,0.997,,2163.8
2014-03-04 00:00:00,0.992,,2169.8
2014-03-05 00:00:00,0.983,,2149.6
2014-03-06 00:00:00,0.985,,2167.4
2014-03-07 00:00:00,0.983,,2141.2
2014-03-10 00:00:00,0.956,,2062.8
2014-03-11 00:00:00,0.959,,2088.6
2014-03-12 00:00:00,0.963,,2085.8
2014-03-13 00:00:00,0.971,,2105.4
2014-03-14 00:00:00,0.965,,2100
2014-03-17 00:00:00,0.978,,2137.4
2014-03-18 00:00:00,0.979,,2114.4
2014-03-19 00:00:00,0.972,,2123.2
2014-03-20 00:00:00,0.957,,2081.6
2014-03-21 00:00:00,0.982,,2153.8
2014-03-24 00:00:00,0.987,,2150.8
2014-03-25 00:00:00,0.984,,2152.6
2014-03-26 00:00:00,0.988,,2153
2014-03-27 00:00:00,0.981,,2134.8
2014-03-28 00:00:00,0.975,,2145
2014-03-31 00:00:00,0.976,,2143.4
2014-04-01 00:00:00,0.985,,2158.4
2014-04-02 00:00:00,0.989,,2175
2014-04-03 00:00:00,0.981,,2159.6
2014-04-04 00:00:00,0.99,,2188
2014-04-08 00:00:00,1.008,,2247.2
2014-04-09 00:00:00,1.012,,2236.2
2014-04-10 00:00:00,1.023,,2285
2014-04-11 00:00:00,1.022,,2272
2014-04-14 00:00:00,1.022,,2272.4
2014-04-15 00:00:00,1.007,,2236.8
2014-04-16 00:00:00,1.009,,2233
2014-04-17 00:00:00,1.004,,2229
2014-04-18 00:00:00,1.004,,2221.4
2014-04-21 00:00:00,0.99,,2179.8
2014-04-22 00:00:00,0.99,,2188.6
2014-04-23 00:00:00,0.988,,2185
2014-04-24 00:00:00,0.986,,2183.2
2014-04-25 00:00:00,0.977,,2172.4
2014-04-28 00:00:00,0.96,,2143.6
2014-04-29 00:00:00,0.97,,2160.8
2014-04-30 00:00:00,0.973,,2147
2014-05-05 00:00:00,0.975,,2156.6
2014-05-06 00:00:00,0.977,,2144.8
2014-05-07 00:00:00,0.968,,2136
2014-05-08 00:00:00,0.967,,2137.4
2014-05-09 00:00:00,0.961,,2138
2014-05-12 00:00:00,0.975,,2178.8
2014-05-13 00:00:00,0.974,,2166.6
2014-05-14 00:00:00,0.974,,2165.6
2014-05-15 00:00:00,0.963,,2136.6
2014-05-16 00:00:00,0.962,,2130.4
2014-05-19 00:00:00,0.953,,2099.6
2014-05-20 00:00:00,0.954,,2099.4
2014-05-21 00:00:00,0.962,,2119.2
2014-05-22 00:00:00,0.964,,2114.2
2014-05-23 00:00:00,0.973,,2143.2
2014-05-26 00:00:00,0.978,,2148.2
2014-05-27 00:00:00,0.978,,2142.2
2014-05-28 00:00:00,0.988,,2173.8
2014-05-29 00:00:00,0.982,,2153.4
2014-05-30 00:00:00,0.982,,2147.8
2014-06-03 00:00:00,0.98,,2139.2
2014-06-04 00:00:00,0.972,,2125.2
2014-06-05 00:00:00,0.98,,2149.6
2014-06-06 00:00:00,0.976,,2125.6
2014-06-09 00:00:00,0.976,,2128.2
2014-06-10 00:00:00,0.988,,2157.6
2014-06-11 00:00:00,0.99,,2151.2
2014-06-12 00:00:00,0.987,,2150.4
2014-06-13 00:00:00,0.999,,2177.2
2014-06-16 00:00:00,1.004,,2186.6
2014-06-17 00:00:00,0.997,,2173
2014-06-18 00:00:00,0.991,,2164.2
2014-06-19 00:00:00,0.978,,2130.6
2014-06-20 00:00:00,0.983,,2132.8
2014-06-23 00:00:00,0.984,,2123.2
2014-06-24 00:00:00,0.991,,2132.2
2014-06-25 00:00:00,0.986,,2126
2014-06-26 00:00:00,0.993,,2135.6
2014-06-27 00:00:00,0.997,,2142.4
2014-06-30 00:00:00,1.005,,2154.2
2014-07-01 00:00:00,1.005,,2156.2
2014-07-02 00:00:00,1.009,,2163.2
2014-07-03 00:00:00,1.013,,2167.4
2014-07-04 00:00:00,1.012,,2166.6
2014-07-07 00:00:00,1.011,,2163.2
2014-07-08 00:00:00,1.018,,2167
2014-07-09 00:00:00,1.004,,2132.2
2014-07-10 00:00:00,1.004,,2133.2
2014-07-11 00:00:00,1.01,,2138
2014-07-14 00:00:00,1.021,,2162.4
2014-07-15 00:00:00,1.022,,2163
2014-07-16 00:00:00,1.018,,2163.4
2014-07-17 00:00:00,1.013,,2155.8
2014-07-18 00:00:00,1.017,,2167.4
2014-07-21 00:00:00,1.016,,2157.4
2014-07-22 00:00:00,1.029,,2186.4
2014-07-23 00:00:00,1.03,,2190.6
2014-07-24 00:00:00,1.042,,2240.4
2014-07-25 00:00:00,1.049,,2274.6
2014-07-28 00:00:00,1.075,,2336.4
2014-07-29 00:00:00,1.08,,2335.4
2014-07-30 00:00:00,1.074,,2328.8
2014-07-31 00:00:00,1.085,,2370.8
2014-08-01 00:00:00,1.077,,2342.6
2014-08-04 00:00:00,1.094,,2386.4
2014-08-05 00:00:00,1.091,,2368
2014-08-06 00:00:00,1.088,,2362
2014-08-07 00:00:00,1.077,,2334.4
2014-08-08 00:00:00,1.08,,2338.6
2014-08-11 00:00:00,1.096,,2360
2014-08-12 00:00:00,1.094,,2365.8
2014-08-13 00:00:00,1.091,,2358.8
2014-08-14 00:00:00,1.082,,2345.2
2014-08-15 00:00:00,1.093,,2378
2014-08-18 00:00:00,1.099,,2376.2
2014-08-19 00:00:00,1.1,,2374.4
2014-08-20 00:00:00,1.095,,2364.4
2014-08-21 00:00:00,1.09,,2354.8
2014-08-22 00:00:00,1.096,,2372.2
2014-08-25 00:00:00,1.087,,2348
2014-08-26 00:00:00,1.076,,2337.6
2014-08-27 00:00:00,1.078,,2336
2014-08-28 00:00:00,1.07,,2330.6
2014-08-29 00:00:00,1.083,,2351.6
2014-09-01 00:00:00,1.095,,2349.6
2014-09-02 00:00:00,1.109,,2389.4
2014-09-03 00:00:00,1.12,,2411.6
2014-09-04 00:00:00,1.127,,2445.6
2014-09-05 00:00:00,1.132,,2470.2
2014-09-09 00:00:00,1.128,,2457.6
2014-09-10 00:00:00,1.123,,2441.4
2014-09-11 00:00:00,1.119,,2418
2014-09-12 00:00:00,1.126,,2439.2
2014-09-15 00:00:00,1.125,,2433
2014-09-16 00:00:00,1.102,,2394.2
2014-09-17 00:00:00,1.108,,2402
2014-09-18 00:00:00,1.114,,2405.8
2014-09-19 00:00:00,1.121,,2441.4
2014-09-22 00:00:00,1.102,,2389.2
2014-09-23 00:00:00,1.111,,2403.8
2014-09-24 00:00:00,1.125,,2468.4
2014-09-25 00:00:00,1.124,,2454.6
2014-09-26 00:00:00,1.124,,2450.8
2014-09-29 00:00:00,1.127,,2455.2
2014-09-30 00:00:00,1.129,,2453.2
2014-10-08 00:00:00,1.139,,2483.6
2014-10-09 00:00:00,1.14,,2475
2014-10-10 00:00:00,1.13,,2469.8
2014-10-13 00:00:00,1.122,,2454.4
2014-10-14 00:00:00,1.118,,2438.6
2014-10-15 00:00:00,1.127,,2455
2014-10-16 00:00:00,1.117,,2446.6
2014-10-17 00:00:00,1.113,,2438
2014-10-20 00:00:00,1.122,,2453.8
2014-10-21 00:00:00,1.114,,2439.4
2014-10-22 00:00:00,1.11,,2428.6
2014-10-23 00:00:00,1.1,,2405.6
2014-10-24 00:00:00,1.101,,2396.6
2014-10-27 00:00:00,1.098,,2381
2014-10-28 00:00:00,1.117,,2425.8
2014-10-29 00:00:00,1.131,,2457.6
2014-10-30 00:00:00,1.136,,2469.6
2014-10-31 00:00:00,1.149,,2523.2
2014-11-03 00:00:00,1.154,,2511.2
2014-11-04 00:00:00,1.151,,2511
2014-11-05 00:00:00,1.152,,2515.2
2014-11-06 00:00:00,1.152,,2517.2
2014-11-07 00:00:00,1.151,,2496.4
2014-11-10 00:00:00,1.173,,2564.8
2014-11-11 00:00:00,1.163,,2549.4
2014-11-12 00:00:00,1.177,,2584.2
2014-11-13 00:00:00,1.166,,2570.8
2014-11-14 00:00:00,1.162,,2578.2
2014-11-17 00:00:00,1.162,,2567
2014-11-18 00:00:00,1.152,,2545
2014-11-19 00:00:00,1.152,,2541.4
2014-11-20 00:00:00,1.149,,2553.2
2014-11-21 00:00:00,1.166,,2602.8
2014-11-24 00:00:00,1.188,,2674.4
2014-11-25 00:00:00,1.205,,2724.4
2014-11-26 00:00:00,1.219,,2745.6
2014-11-27 00:00:00,1.225,,2754.8
2014-11-28 00:00:00,1.246,,2826
2014-12-01 00:00:00,1.248,,2809.2
2014-12-02 00:00:00,1.283,,2936
2014-12-03 00:00:00,1.292,,2996.2
2014-12-04 00:00:00,1.333,,3195.8
2014-12-05 00:00:00,1.332,,3183
2014-12-08 00:00:00,1.362,,3327.2
2014-12-09 00:00:00,1.299,,3143
2014-12-10 00:00:00,1.335,,3229.6
2014-12-11 00:00:00,1.33,,3207.8
2014-12-12 00:00:00,1.333,,3215.8
2014-12-15 00:00:00,1.341,,3244
2014-12-16 00:00:00,1.363,,3322.8
2014-12-17 00:00:00,1.381,,3363.6
2014-12-18 00:00:00,1.373,,3490.6
2014-12-19 00:00:00,1.381,,3503
2014-12-22 00:00:00,1.374,,3399.4
2014-12-23 00:00:00,1.35,,3313
2014-12-24 00:00:00,1.325,,3259
2014-12-25 00:00:00,1.358,,3381
2014-12-26 00:00:00,1.391,,3483
2014-12-29 00:00:00,1.388,,3474.6
2014-12-30 00:00:00,1.392,,3482.6
2014-12-31 00:00:00,1.415,,3593.2
2015-01-05 00:00:00,1.451,,3671.4
2015-01-06 00:00:00,1.457,,3656.8
2015-01-07 00:00:00,1.455,,3663.2
2015-01-08 00:00:00,1.439,,3562
2015-01-09 00:00:00,1.437,,3528
2015-01-12 00:00:00,1.431,,3537.6
2015-01-13 00:00:00,1.442,,3529.6
2015-01-14 00:00:00,1.439,,3504.2
2015-01-15 00:00:00,1.467,,3625
2015-01-16 00:00:00,1.48,,3667.2
2015-01-19 00:00:00,1.41,,3316.2
2015-01-20 00:00:00,1.438,,3394.4
2015-01-21 00:00:00,1.484,,3546
2015-01-22 00:00:00,1.493,,3561.2
2015-01-23 00:00:00,1.489,,3597
2015-01-26 00:00:00,1.506,,3626.8
2015-01-27 00:00:00,1.498,,3574.6
2015-01-28 00:00:00,1.484,,3523.6
2015-01-29 00:00:00,1.472,,3493.6
2015-01-30 00:00:00,1.454,,3429.2
2015-02-02 00:00:00,1.432,,3397
2015-02-03 00:00:00,1.46,,3455.4
2015-02-04 00:00:00,1.45,,3392
2015-02-05 00:00:00,1.443,,3355.2
2015-02-06 00:00:00,1.418,,3344.6
2015-02-09 00:00:00,1.416,,3376.2
2015-02-10 00:00:00,1.438,,3437.4
2015-02-11 00:00:00,1.451,,3447
2015-02-12 00:00:00,1.456,,3455.8
2015-02-13 00:00:00,1.474,,3500
2015-02-16 00:00:00,1.488,,3544.8
2015-02-17 00:00:00,1.501,,3558
2015-02-25 00:00:00,1.484,,3487.8
2015-02-26 00:00:00,1.502,,3612.6
2015-02-27 00:00:00,1.507,,3587.2
2015-03-02 00:00:00,1.523,,3606.2
2015-03-03 00:00:00,1.497,,3539.6
2015-03-04 00:00:00,1.509,,3533.2
2015-03-05 00:00:00,1.501,,3506.6
2015-03-06 00:00:00,1.488,,3490.2
2015-03-09 00:00:00,1.514,,3564.4
2015-03-10 00:00:00,1.518,,3527.8
2015-03-11 00:00:00,1.523,,3542.2
2015-03-12 00:00:00,1.537,,3592
2015-03-13 00:00:00,1.552,,3622.8
2015-03-16 00:00:00,1.593,,3713.8
2015-03-17 00:00:00,1.61,,3765
2015-03-18 00:00:00,1.637,,3813
2015-03-19 00:00:00,1.634,,3829.8
2015-03-20 00:00:00,1.654,,3919
2015-03-23 00:00:00,1.695,,3994.2
2015-03-24 00:00:00,1.708,,3963.6
2015-03-25 00:00:00,1.709,,3951.8
2015-03-26 00:00:00,1.696,,3934
2015-03-27 00:00:00,1.711,,3985.6
2015-03-30 00:00:00,1.74,,4140.6
2015-03-31 00:00:00,1.744,,4035.8
2015-04-01 00:00:00,1.776,,4122.8
2015-04-02 00:00:00,1.79,,4106.2
2015-04-03 00:00:00,1.815,,4206
2015-04-07 00:00:00,1.857,,4239.8
2015-04-08 00:00:00,1.859,,4247.6
2015-04-09 00:00:00,1.849,,4226.2
2015-04-10 00:00:00,1.885,,4377
2015-04-13 00:00:00,1.912,,4421
2015-04-14 00:00:00,1.908,,4416.6
2015-04-15 00:00:00,1.862,,4382.4
2015-04-16 00:00:00,1.897,,4521.2
2015-04-17 00:00:00,1.909,7758.2,4599.2
2015-04-20 00:00:00,1.863,7622.2,4516.4
2015-04-21 00:00:00,1.918,8140.4,4618.8
2015-04-22 00:00:00,1.97,8189.8,4761
2015-04-23 00:00:00,1.979,8265.6,4716
2015-04-24 00:00:00,1.963,8327.2,4722
2015-04-27 00:00:00,1.991,8347.2,4804
2015-04-28 00:00:00,1.96,8147,4721
2015-04-29 00:00:00,1.984,8302.2,4771
2015-04-30 00:00:00,1.992,8338.8,4767.8
2015-05-04 00:00:00,2.002,8347.2,4757.6
2015-05-05 00:00:00,1.939,8145,4618
2015-05-06 00:00:00,1.929,8040.8,4582
2015-05-07 00:00:00,1.906,7911.4,4503.2
2015-05-08 00:00:00,1.961,8171.2,4541.4
2015-05-11 00:00:00,2.029,8489.8,4658
2015-05-12 00:00:00,2.065,8647.8,4704
2015-05-13 00:00:00,2.063,8695.8,4674.2
2015-05-14 00:00:00,2.058,8760.4,4664
2015-05-15 00:00:00,2.045,8579.8,4563
2015-05-18 00:00:00,2.059,8798.4,4536.8
2015-05-19 00:00:00,2.114,9120.8,4774
2015-05-20 00:00:00,2.147,9286.8,4775
2015-05-21 00:00:00,2.195,9734.6,4891.8
2015-05-22 00:00:00,2.23,9741.2,5022.8
2015-05-25 00:00:00,2.277,9966.6,5156.4
2015-05-26 00:00:00,2.332,10532.2,5274.2
2015-05-27 00:00:00,2.345,10552,5290
2015-05-28 00:00:00,2.215,9977.2,4943.2
2015-05-29 00:00:00,2.232,10121,4897
2015-06-01 00:00:00,2.334,11025.6,5249
2015-06-02 00:00:00,2.389,11250.4,5264.2
2015-06-03 00:00:00,2.39,11103.2,5182.6
2015-06-04 00:00:00,2.39,10869.2,5250.4
2015-06-05 00:00:00,2.416,10949,5230.4
2015-06-08 00:00:00,2.401,10602.6,5335.4
2015-06-09 00:00:00,2.39,10700.4,5250.4
2015-06-10 00:00:00,2.416,10987.8,5252.8
2015-06-11 00:00:00,2.432,11258.8,5299.6
2015-06-12 00:00:00,2.463,11427.8,5361.6
2015-06-15 00:00:00,2.405,11228.6,5199.8
2015-06-16 00:00:00,2.33,10839,5069.2
2015-06-17 00:00:00,2.363,11033.4,5113.8
2015-06-18 00:00:00,2.281,10672.6,4934
2015-06-19 00:00:00,2.155,9990,4598
2015-06-23 00:00:00,2.2,9862.6,4730.8
2015-06-24 00:00:00,2.234,10058,4858.2
2015-06-25 00:00:00,2.15,9381.6,4587.2
2015-06-26 00:00:00,1.991,8629,4212.4
2015-06-29 00:00:00,1.896,7768.4,4014.2
2015-06-30 00:00:00,2.013,8346,4381.4
2015-07-01 00:00:00,1.922,7509.4,4059
2015-07-02 00:00:00,1.831,7667.8,4130
2015-07-03 00:00:00,1.731,7404.8,3931.8
2015-07-06 00:00:00,1.734,7440,4040.6
2015-07-07 00:00:00,1.662,6516.2,3696.8
2015-07-08 00:00:00,1.58,5956.6,3463.4
2015-07-09 00:00:00,1.665,6552.2,3810
2015-07-10 00:00:00,1.753,7207.4,4166.6
2015-07-13 00:00:00,1.833,7569.6,4085.4
2015-07-14 00:00:00,1.841,7645,4001.6
2015-07-15 00:00:00,1.775,7136,3858.4
2015-07-16 00:00:00,1.791,7531.8,4008
2015-07-17 00:00:00,1.861,7857.6,4124.4
2015-07-20 00:00:00,1.88,7589,3950
2015-07-21 00:00:00,1.9,7715,3969
2015-07-22 00:00:00,1.904,7773,3945.2
2015-07-23 00:00:00,1.953,8386,4183.8
2015-07-24 00:00:00,1.925,7980,4012.2
2015-07-27 00:00:00,1.785,7341.4,3647.8
2015-07-28 00:00:00,1.749,7221,3654
2015-07-29 00:00:00,1.81,7702.8,3821.4
2015-07-30 00:00:00,1.748,7232,3653.8
2015-07-31 00:00:00,1.737,7399,3693.4
2015-08-03 00:00:00,1.716,7065.2,3638.2
2015-08-04 00:00:00,1.787,7657.6,3837.6
2015-08-05 00:00:00,1.766,7486.4,3762.6
2015-08-06 00:00:00,1.757,7545.4,3766.8
2015-08-07 00:00:00,1.807,7851.2,3854.6
2015-08-10 00:00:00,1.89,8330,4032.8
2015-08-11 00:00:00,1.888,8200.6,4001.2
2015-08-12 00:00:00,1.861,8082.2,3966.8
2015-08-13 00:00:00,1.884,8345.8,4015.6
2015-08-14 00:00:00,1.883,8397,4008.6
2015-08-17 00:00:00,1.896,8659,4003.8
2015-08-18 00:00:00,1.776,7802,3755
2015-08-19 00:00:00,1.81,8151.2,3808.2
2015-08-20 00:00:00,1.756,7557,3601
2015-08-21 00:00:00,1.668,7207.4,3469.2
2015-08-24 00:00:00,1.531,6523.6,3132.2
2015-08-25 00:00:00,1.429,5871.4,2821.6
2015-08-26 00:00:00,1.416,5400.2,2749.6
2015-08-27 00:00:00,1.488,5928.2,3030.8
2015-08-28 00:00:00,1.559,6402.6,3188.4
2015-08-31 00:00:00,1.529,5961.4,3070.2
2015-09-01 00:00:00,1.478,5373,2999
2015-09-02 00:00:00,1.47,5377,2965.8
2015-09-07 00:00:00,1.448,5795,3096.2
2015-09-08 00:00:00,1.501,6383,3338
2015-09-09 00:00:00,1.543,6369,3328.2
2015-09-10 00:00:00,1.524,6319,3296.6
2015-09-11 00:00:00,1.525,6420,3311.4
2015-09-14 00:00:00,1.463,5758.2,3130.6
2015-09-15 00:00:00,1.41,5663.6,3142.2
2015-09-16 00:00:00,1.488,6050.8,3304.8
2015-09-17 00:00:00,1.464,5955,3240.6
2015-09-18 00:00:00,1.477,6010.2,3255
2015-09-21 00:00:00,1.516,6170.2,3232.2
2015-09-22 00:00:00,1.526,6077.8,3232.8
2015-09-23 00:00:00,1.507,5980.4,3161
2015-09-24 00:00:00,1.518,6100,3187
2015-09-25 00:00:00,1.483,5787.4,3118
2015-09-28 00:00:00,1.509,5994.4,3150
2015-09-29 00:00:00,1.491,5914,3082.8
2015-09-30 00:00:00,1.495,5917.8,3121.4
2015-10-08 00:00:00,1.551,6195.2,3214.8
2015-10-09 00:00:00,1.577,6406.8,3310
2015-10-12 00:00:00,1.631,6642.6,3421
2015-10-13 00:00:00,1.639,6688.6,3414.8
2015-10-14 00:00:00,1.615,6645.2,3377
2015-10-15 00:00:00,1.662,6954.8,3493.8
2015-10-16 00:00:00,1.685,6979.8,3348
2015-10-19 00:00:00,1.685,6685,3290
2015-10-20 00:00:00,1.708,6850,3358
2015-10-21 00:00:00,1.627,6478.8,3236
2015-10-22 00:00:00,1.672,6666.2,3304.4
2015-10-23 00:00:00,1.706,6908,3370.8
2015-10-26 00:00:00,1.726,6865,3370
2015-10-27 00:00:00,1.732,6903.4,3379
2015-10-28 00:00:00,1.697,6683.4,3318
2015-10-29 00:00:00,1.708,6782,3338.8
2015-10-30 00:00:00,1.712,6783.8,3342.2
2015-11-02 00:00:00,1.688,6668.8,3299.8
2015-11-03 00:00:00,1.685,6656.2,3282
2015-11-04 00:00:00,1.765,7090.6,3492
2015-11-05 00:00:00,1.77,7066.4,3543.2
2015-11-06 00:00:00,1.804,7293.8,3675
2015-11-09 00:00:00,1.831,7353.8,3691.2
2015-11-10 00:00:00,1.831,7394,3688.4
2015-11-11 00:00:00,1.841,7545,3723.2
2015-11-12 00:00:00,1.836,7519,3666.2
2015-11-13 00:00:00,1.802,7468,3628
2015-11-16 00:00:00,1.831,7638,3650
2015-11-17 00:00:00,1.821,7547.6,3605.6
2015-11-18 00:00:00,1.809,7499,3596.2
2015-11-19 00:00:00,1.848,7697,3688.8
2015-11-20 00:00:00,1.861,7442.6,3644.8
2015-11-23 00:00:00,1.844,7356.6,3619.2
2015-11-24 00:00:00,1.85,7471,3655.6
2015-11-25 00:00:00,1.875,7631,3695
2015-11-26 00:00:00,1.864,7531.8,3662
2015-11-27 00:00:00,1.768,7092.6,3487.4
2015-11-30 00:00:00,1.78,7118.2,3485.8
2015-12-01 00:00:00,1.785,7137.6,3524.8
2015-12-02 00:00:00,1.798,7280.2,3692
2015-12-03 00:00:00,1.829,7377.8,3699.6
2015-12-04 00:00:00,1.81,7315.8,3638
2015-12-07 00:00:00,1.827,7339.4,3620
2015-12-08 00:00:00,1.803,7230,3579.2
2015-12-09 00:00:00,1.813,7212,3593.2
2015-12-10 00:00:00,1.804,7170,3567
2015-12-11 00:00:00,1.787,7227.4,3593
2015-12-14 00:00:00,1.813,7422,3711.8
2015-12-15 00:00:00,1.829,7446,3670.4
2015-12-16 00:00:00,1.835,7492.6,3675
2015-12-17 00:00:00,1.876,7693.6,3754.4
2015-12-18 00:00:00,1.874,7700.8,3772
2015-12-21 00:00:00,1.896,7585,3800.2
2015-12-22 00:00:00,1.908,7650,3819
2015-12-23 00:00:00,1.886,7516.4,3805
2015-12-24 00:00:00,1.883,7533.4,3775.2
2015-12-25 00:00:00,1.891,7595.8,3806.8
2015-12-28 00:00:00,1.854,7305,3647.6
2015-12-29 00:00:00,1.878,7418.2,3695.8
2015-12-30 00:00:00,1.887,7511.4,3696.8
2015-12-31 00:00:00,1.864,7349,3658.2
2016-01-04 00:00:00,1.733,6881.2,3425
2016-01-05 00:00:00,1.725,6699,3408.8
2016-01-06 00:00:00,1.763,6814.4,3465
2016-01-07 00:00:00,1.641,6360,3245.2
2016-01-08 00:00:00,1.671,6399.8,3309
2016-01-11 00:00:00,1.582,5940.4,3151.8
2016-01-12 00:00:00,1.582,6074.8,3196.6
2016-01-13 00:00:00,1.535,5904.4,3152.8
2016-01-14 00:00:00,1.574,6078,3204.6
2016-01-15 00:00:00,1.524,5942.8,3132.8
2016-01-18 00:00:00,1.54,5695.2,3042
2016-01-19 00:00:00,1.593,5928.8,3134
2016-01-20 00:00:00,1.577,5835,3074
2016-01-21 00:00:00,1.523,5679,3011
2016-01-22 00:00:00,1.543,5779.8,3042
2016-01-25 00:00:00,1.56,5800,3044.2
2016-01-26 00:00:00,1.468,5401.2,2899
2016-01-27 00:00:00,1.45,5280.4,2867.6
2016-01-28 00:00:00,1.401,5155,2816.8
2016-01-29 00:00:00,1.452,5329.8,2903.8
2016-02-01 00:00:00,1.441,5323,2883.8
2016-02-02 00:00:00,1.486,5523.6,2948.8
2016-02-03 00:00:00,1.492,5556.8,2939.4
2016-02-04 00:00:00,1.517,5695,2978.8
2016-02-05 00:00:00,1.504,5617,2937.2
2016-02-15 00:00:00,1.502,5651.4,2929.8
2016-02-16 00:00:00,1.555,5881,3016.6
2016-02-17 00:00:00,1.568,5947,3045.6
2016-02-18 00:00:00,1.562,5950.2,2981.8
2016-02-19 00:00:00,1.563,5767.8,2980.8
2016-02-22 00:00:00,1.593,5869.2,3042
2016-02-23 00:00:00,1.582,5845,3022.4
2016-02-24 00:00:00,1.579,5881.8,3039.8
2016-02-25 00:00:00,1.476,5361,2847
2016-02-26 00:00:00,1.485,5417.8,2880
2016-02-29 00:00:00,1.431,5075.2,2789
2016-03-01 00:00:00,1.455,5227.4,2864.2
2016-03-02 00:00:00,1.516,5587.8,3009
2016-03-03 00:00:00,1.516,5603.8,3008.6
2016-03-04 00:00:00,1.501,5452,3052.4
2016-03-07 00:00:00,1.516,5595,3083.8
2016-03-08 00:00:00,1.518,5661,3075.4
2016-03-09 00:00:00,1.495,5500,3016.6
2016-03-10 00:00:00,1.472,5396,2983
2016-03-11 00:00:00,1.472,5413.2,2986.6
2016-03-14 00:00:00,1.509,5629.6,3042
2016-03-15 00:00:00,1.508,5608,3046.6
2016-03-16 00:00:00,1.503,5565.4,3062
2016-03-17 00:00:00,1.539,5760,3123
2016-03-18 00:00:00,1.578,5944.6,3176.8
2016-03-21 00:00:00,1.608,5929.8,3210.2
2016-03-22 00:00:00,1.602,5921.6,3194.6
2016-03-23 00:00:00,1.611,5949.2,3196
2016-03-24 00:00:00,1.591,5843.4,3144.8
2016-03-25 00:00:00,1.597,5910.4,3162.8
2016-03-28 00:00:00,1.587,5857,3129.8
2016-03-29 00:00:00,1.567,5788.8,3104
2016-03-30 00:00:00,1.615,6020.8,3190
2016-03-31 00:00:00,1.621,6020,3191
2016-04-01 00:00:00,1.618,6028,3206.6
2016-04-05 00:00:00,1.649,6190.4,3236.2
2016-04-06 00:00:00,1.654,6223.4,3239.4
2016-04-07 00:00:00,1.634,6156,3202.8
2016-04-08 00:00:00,1.622,6114.2,3180
2016-04-11 00:00:00,1.656,6237,3213.8
2016-04-12 00:00:00,1.644,6239.8,3215.4
2016-04-13 00:00:00,1.664,6306,3251.6
2016-04-14 00:00:00,1.676,6381.2,3269.2
2016-04-15 00:00:00,1.675,6376.6,3270.2
2016-04-18 00:00:00,1.655,6093.2,3191.6
2016-04-19 00:00:00,1.66,6102.6,3192.6
2016-04-20 00:00:00,1.611,5791.2,3114.8
2016-04-21 00:00:00,1.599,5788.4,3115
2016-04-22 00:00:00,1.618,5850,3141.2
2016-04-25 00:00:00,1.613,5815.4,3127.6
2016-04-26 00:00:00,1.628,5885,3143
2016-04-27 00:00:00,1.627,5865.8,3125.8
2016-04-28 00:00:00,1.625,5833,3121.2
2016-04-29 00:00:00,1.628,5844.8,3128
2016-05-03 00:00:00,1.666,6085,3200
2016-05-04 00:00:00,1.663,6062.8,3188.2
2016-05-05 00:00:00,1.669,6132.8,3192.6
2016-05-06 00:00:00,1.62,5887.8,3088.4
2016-05-09 00:00:00,1.58,5652.8,3022
2016-05-10 00:00:00,1.581,5650,3035.2
2016-05-11 00:00:00,1.582,5640.4,3052.4
2016-05-12 00:00:00,1.592,5670,3066.6
2016-05-13 00:00:00,1.586,5659.2,3068
2016-05-16 00:00:00,1.604,5772.2,3082.4
2016-05-17 00:00:00,1.598,5779.2,3081.4
2016-05-18 00:00:00,1.572,5632.8,3058.6
2016-05-19 00:00:00,1.574,5469,3014.2
2016-05-20 00:00:00,1.585,5562.8,3034.2
2016-05-23 00:00:00,1.607,5635.2,3043
2016-05-24 00:00:00,1.59,5598.6,3028.6
2016-05-25 00:00:00,1.583,5556,3021.6
2016-05-26 00:00:00,1.585,5627.8,3026
2016-05-27 00:00:00,1.582,5630.6,3033.6
2016-05-30 00:00:00,1.578458,5611,3036.6
2016-05-31 00:00:00,1.627737,5923.2,3158.8
2016-06-01 00:00:00,1.632357,5899.8,3131.8
2016-06-02 00:00:00,1.638516,5937.8,3135.4
2016-06-03 00:00:00,1.646216,6003.6,3177.4
2016-06-06 00:00:00,1.650836,5974,3157.4
2016-06-07 00:00:00,1.650836,6016.6,3160
2016-06-08 00:00:00,1.644676,5995.8,3148
2016-06-13 00:00:00,1.587698,5732,3028.8
2016-06-14 00:00:00,1.598477,5732,3050.4
2016-06-15 00:00:00,1.640056,5920,3100
2016-06-16 00:00:00,1.633896,5912.8,3088
2016-06-17 00:00:00,1.644676,5962.4,3036.4
2016-06-20 00:00:00,1.649296,5848.2,3049.2
2016-06-21 00:00:00,1.638516,5777.6,3037.8
2016-06-22 00:00:00,1.655456,5922,3076
2016-06-23 00:00:00,1.644676,5888,3061.6
2016-06-24 00:00:00,1.633896,5787,3013.2
2016-06-27 00:00:00,1.661616,5965.2,3078
2016-06-28 00:00:00,1.667776,6037,3094
2016-06-29 00:00:00,1.672395,6050.4,3111
2016-06-30 00:00:00,1.669316,6051.6,3111.2
2016-07-01 00:00:00,1.669316,6039.8,3101
2016-07-04 00:00:00,1.695495,6159.6,3170
2016-07-05 00:00:00,1.698575,6202.4,3172.8
2016-07-06 00:00:00,1.704735,6226.6,3184.2
2016-07-07 00:00:00,1.707815,6279.4,3185.6
2016-07-08 00:00:00,1.700115,6265,3171.4
2016-07-11 00:00:00,1.701655,6248,3176.6
2016-07-12 00:00:00,1.724754,6368.6,3262.6
2016-07-13 00:00:00,1.735534,6416.4,3272.4
2016-07-14 00:00:00,1.732454,6442.2,3270.8
2016-07-15 00:00:00,1.729374,6439.8,3243.2
2016-07-18 00:00:00,1.727834,6266,3224.2
2016-07-19 00:00:00,1.723214,6272.8,3206
2016-07-20 00:00:00,1.720134,6265.4,3196
2016-07-21 00:00:00,1.723214,6310,3220.2
2016-07-22 00:00:00,1.707815,6272.6,3194.2
2016-07-25 00:00:00,1.710894,6290.4,3198
2016-07-26 00:00:00,1.732454,6393.4,3247
2016-07-27 00:00:00,1.692415,6104.2,3163
2016-07-28 00:00:00,1.704735,6125.6,3191
2016-07-29 00:00:00,1.701655,6103,3181.8
2016-08-01 00:00:00,1.684715,6028.2,3151.6
2016-08-02 00:00:00,1.690875,6083,3164.8
2016-08-03 00:00:00,1.693955,6102.6,3166
2016-08-04 00:00:00,1.700115,6164.8,3177.2
2016-08-05 00:00:00,1.695495,6147.2,3193
2016-08-08 00:00:00,1.709354,6248.2,3223
2016-08-09 00:00:00,1.721674,6297.2,3244
2016-08-10 00:00:00,1.715514,6286.2,3234.2
2016-08-11 00:00:00,1.703195,6196,3226.2
2016-08-12 00:00:00,1.721674,6260.4,3288
2016-08-15 00:00:00,1.757093,6405.2,3380
2016-08-16 00:00:00,1.758633,6458.2,3373.4
2016-08-17 00:00:00,1.758633,6470.8,3365.8
2016-08-18 00:00:00,1.752473,6379.8,3336
2016-08-19 00:00:00,1.754013,6385.6,3332.4
2016-08-22 00:00:00,1.740154,6320.6,3317
2016-08-23 00:00:00,1.740154,6308.6,3318
2016-08-24 00:00:00,1.741694,6314.2,3302.2
2016-08-25 00:00:00,1.738614,6280,3284.2
2016-08-26 00:00:00,1.740154,6279.2,3278.4
2016-08-29 00:00:00,1.740154,6327.2,3279.2
2016-08-30 00:00:00,1.743234,6330,3293.2
2016-08-31 00:00:00,1.744774,6343,3310.6
2016-09-01 00:00:00,1.735534,6279,3271.8
2016-09-02 00:00:00,1.727834,6271,3289
2016-09-05 00:00:00,1.732454,6309.2,3299.4
2016-09-06 00:00:00,1.754013,6445.8,3329
2016-09-07 00:00:00,1.750933,6429,3330.2
2016-09-08 00:00:00,1.755553,6477.2,3328.2
2016-09-09 00:00:00,1.747853,6445,3309
2016-09-12 00:00:00,1.710894,6256,3234.6
2016-09-13 00:00:00,1.721674,6292.2,3245.6
2016-09-14 00:00:00,1.712434,6270,3235
2016-09-19 00:00:00,1.730914,6223.8,3214
2016-09-20 00:00:00,1.730914,6217.6,3214.4
2016-09-21 00:00:00,1.735534,6248.2,3236.6
2016-09-22 00:00:00,1.747853,6293.2,3262.8
2016-09-23 00:00:00,1.741694,6298.6,3248.4
2016-09-26 00:00:00,1.717054,6201.2,3204.8
2016-09-27 00:00:00,1.726294,6245.6,3224.8
2016-09-28 00:00:00,1.727834,6240.2,3221.4
2016-09-29 00:00:00,1.735534,6299.8,3241.8
2016-09-30 00:00:00,1.743234,6318.6,3246
2016-10-10 00:00:00,1.763253,6444.6,3289.2
2016-10-11 00:00:00,1.769413,6454.8,3298
2016-10-12 00:00:00,1.766333,6448.2,3289.8
2016-10-13 00:00:00,1.767873,6462,3287.2
2016-10-14 00:00:00,1.763253,6467,3301.8
2016-10-17 00:00:00,1.754013,6418,3271
2016-10-18 00:00:00,1.772493,6505.4,3317
2016-10-19 00:00:00,1.766333,6491.2,3312.8
2016-10-20 00:00:00,1.767873,6499,3317.4
2016-10-21 00:00:00,1.763253,6396.6,3297.2
2016-10-24 00:00:00,1.775573,6471.4,3344.2
2016-10-25 00:00:00,1.780193,6487,3338.8
2016-10-26 00:00:00,1.770953,6471,3329.8
2016-10-27 00:00:00,1.767873,6458.2,3324.6
2016-10-28 00:00:00,1.760173,6411,3324
2016-10-31 00:00:00,1.760173,6407.6,3317.4
2016-11-01 00:00:00,1.772493,6465,3341.2
2016-11-02 00:00:00,1.761713,6400,3319.2
2016-11-03 00:00:00,1.766333,6435,3351.8
2016-11-04 00:00:00,1.761713,6419.6,3338.6
2016-11-07 00:00:00,1.761713,6409,3343.4
2016-11-08 00:00:00,1.772493,6469,3365.2
2016-11-09 00:00:00,1.763253,6405,3348.2
2016-11-10 00:00:00,1.778653,6499,3379.4
2016-11-11 00:00:00,1.781733,6563,3416.8
2016-11-14 00:00:00,1.783273,6586.6,3425.6
2016-11-15 00:00:00,1.784812,6601.8,3423.2
2016-11-16 00:00:00,1.787892,6538.4,3423.6
2016-11-17 00:00:00,1.789432,6547,3405.8
2016-11-18 00:00:00,1.783273,6506.8,3394.6
2016-11-21 00:00:00,1.784812,6523.2,3415
2016-11-22 00:00:00,1.795592,6593.6,3450.8
2016-11-23 00:00:00,1.792512,6561.8,3458.6
2016-11-24 00:00:00,1.792512,6547.6,3464.8
2016-11-25 00:00:00,1.806372,6564.8,3517
2016-11-28 00:00:00,1.817152,6596.4,3532.4
2016-11-29 00:00:00,1.814072,6556.8,3561.6
2016-11-30 00:00:00,1.804832,6531.2,3534.6
2016-12-01 00:00:00,1.818692,6572,3568.4
2016-12-02 00:00:00,1.803292,6433,3526
2016-12-05 00:00:00,1.787892,6430,3453
2016-12-06 00:00:00,1.786352,6431.4,3448.4
2016-12-07 00:00:00,1.798672,6488.6,3459.4
2016-12-08 00:00:00,1.797132,6488.8,3458.6
2016-12-09 00:00:00,1.800212,6456,3479
2016-12-12 00:00:00,1.744774,6174.6,3390.4
2016-12-13 00:00:00,1.749393,6231,3391
2016-12-14 00:00:00,1.738614,6224,3371.6
2016-12-15 00:00:00,1.732454,6262.8,3328
2016-12-16 00:00:00,1.740154,6204.4,3313.6
2016-12-19 00:00:00,1.740154,6198,3299
2016-12-20 00:00:00,1.732454,6183.8,3274
2016-12-21 00:00:00,1.741694,6256.6,3310
2016-12-22 00:00:00,1.738614,6235,3300
2016-12-23 00:00:00,1.724754,6209.8,3277
2016-12-26 00:00:00,1.727834,6219.8,3289.6
2016-12-27 00:00:00,1.730914,6216,3290.4
2016-12-28 00:00:00,1.724754,6218,3281.4
2016-12-29 00:00:00,1.724754,6215.8,3283
2016-12-30 00:00:00,1.730914,6210.6,3285
2016-12-31 00:00:00,1.730914,,
2017-01-03 00:00:00,1.743234,6275.8,3326
2017-01-04 00:00:00,1.757093,6367,3358.4
2017-01-05 00:00:00,1.754013,6359,3350.8
2017-01-06 00:00:00,1.744774,6339,3336.4
2017-01-09 00:00:00,1.750933,6373.8,3352
2017-01-10 00:00:00,1.746314,6344.6,3343.6
2017-01-11 00:00:00,1.727834,6297.6,3323
2017-01-12 00:00:00,1.713974,6238.4,3300
2017-01-13 00:00:00,1.700115,6178.4,3309.2
2017-01-16 00:00:00,1.681635,6011.4,3301.2
2017-01-17 00:00:00,1.695495,6065,3315.4
2017-01-18 00:00:00,1.698575,6073.8,3345
2017-01-19 00:00:00,1.693955,6047,3326
2017-01-20 00:00:00,1.715514,6082.8,3353
2017-01-23 00:00:00,1.723214,6114.2,3352
2017-01-24 00:00:00,1.726294,6123,3353.4
2017-01-25 00:00:00,1.732454,6155,3369.2
2017-01-26 00:00:00,1.744774,6188.8,3377.6
2017-02-03 00:00:00,1.733994,6165,3357
2017-02-06 00:00:00,1.743234,6199.6,3354
2017-02-07 00:00:00,1.741694,6187.4,3349
2017-02-08 00:00:00,1.752473,6246.6,3369.4
2017-02-09 00:00:00,1.760173,6284.8,3380.6
2017-02-10 00:00:00,1.763253,6294.2,3402
2017-02-13 00:00:00,1.775573,6330.2,3419
2017-02-14 00:00:00,1.775573,6332,3419.4
2017-02-15 00:00:00,1.764793,6200.2,3390
2017-02-16 00:00:00,1.775573,6260.4,3411.8
2017-02-17 00:00:00,1.764793,6213,3392.4
2017-02-20 00:00:00,1.786352,6313.8,3462.6
2017-02-21 00:00:00,1.798672,6341,3459.2
2017-02-22 00:00:00,1.804832,6389.6,3467
2017-02-23 00:00:00,1.803292,6397.6,3453.6
2017-02-24 00:00:00,1.803292,6410.6,3453
2017-02-27 00:00:00,1.792512,6348,3426.6
2017-02-28 00:00:00,1.795592,6376.4,3429.4
2017-03-01 00:00:00,1.798672,6397.8,3435.2
2017-03-02 00:00:00,1.790972,6390,3418
2017-03-03 00:00:00,1.794052,6393,3405
2017-03-06 00:00:00,1.810992,6459.8,3422
2017-03-07 00:00:00,1.815612,6465,3432.6
2017-03-08 00:00:00,1.810992,6449.6,3430.4
2017-03-09 00:00:00,1.797132,6390.8,3403.8
2017-03-10 00:00:00,1.803292,6410.4,3406.6
2017-03-13 00:00:00,1.820232,6484.6,3452.8
2017-03-14 00:00:00,1.817152,6470,3446
2017-03-15 00:00:00,1.820232,6466.4,3451.4
2017-03-16 00:00:00,1.832551,6539,3481.4
2017-03-17 00:00:00,1.815612,6410,3407.2
2017-03-20 00:00:00,1.815612,6427,3417.6
2017-03-21 00:00:00,1.826391,6445,3435
2017-03-22 00:00:00,1.821771,6428.8,3421.4
2017-03-23 00:00:00,1.826391,6450,3433.8
2017-03-24 00:00:00,1.835631,6527.8,3483.4
2017-03-27 00:00:00,1.829471,6480.6,3461
2017-03-28 00:00:00,1.823311,6467.2,3458
2017-03-29 00:00:00,1.818692,6443.6,3456.6
2017-03-30 00:00:00,1.797132,6366.4,3431.6
2017-03-31 00:00:00,1.807912,6380.2,3450.4
2017-04-05 00:00:00,1.837171,6538.6,3507.2
2017-04-06 00:00:00,1.844871,6536,3504
2017-04-07 00:00:00,1.849491,6556,3510.6
2017-04-10 00:00:00,1.844871,6546,3501.6
2017-04-11 00:00:00,1.854111,6602.2,3505
2017-04-12 00:00:00,1.851031,6555.8,3496
2017-04-13 00:00:00,1.857191,6610,3508.6
2017-04-14 00:00:00,1.837171,6518.8,3477
2017-04-17 00:00:00,1.827931,6443.2,3472.4
2017-04-18 00:00:00,1.827931,6422.2,3462.6
2017-04-19 00:00:00,1.824851,6346.6,3440
2017-04-20 00:00:00,1.832551,6347.8,3458.6
2017-04-21 00:00:00,1.826391,6260.2,3441.2
2017-04-24 00:00:00,1.801752,6108.4,3408.2
2017-04-25 00:00:00,1.809452,6128,3422.6
2017-04-26 00:00:00,1.810992,6142,3427.8
2017-04-27 00:00:00,1.815612,6160,3426.8
2017-04-28 00:00:00,1.817152,6180.4,3420.4
2017-05-02 00:00:00,1.817152,6176,3407.4
2017-05-03 00:00:00,1.806372,6156.2,3396.8
2017-05-04 00:00:00,1.800212,6123.6,3383.4
2017-05-05 00:00:00,1.783273,6057.8,3360.4
2017-05-08 00:00:00,1.752473,5951.2,3339.4
2017-05-09 00:00:00,1.757093,5987,3342.2
2017-05-10 00:00:00,1.746314,5842.2,3323.8
2017-05-11 00:00:00,1.760173,5827.2,3341.4
2017-05-12 00:00:00,1.767873,5827.2,3367.2
2017-05-15 00:00:00,1.777113,5876.8,3386.6
2017-05-16 00:00:00,1.804832,6009.8,3431
2017-05-17 00:00:00,1.798672,5981.6,3411
2017-05-18 00:00:00,1.794052,5920,3374.8
2017-05-19 00:00:00,1.792512,5913.6,3381.8
2017-05-22 00:00:00,1.784812,5828.6,3382.2
2017-05-23 00:00:00,1.778653,5716,3402
2017-05-24 00:00:00,1.777113,5759,3402
2017-05-25 00:00:00,1.792512,5810.6,3486
2017-05-26 00:00:00,1.792512,5814.6,3480.6
2017-05-31 00:00:00,1.792512,5772.6,3482
2017-06-01 00:00:00,1.784812,5667,3489
2017-06-02 00:00:00,1.786352,5753.2,3480.8
2017-06-05 00:00:00,1.786352,5775,3456.6
2017-06-06 00:00:00,1.798672,5807.2,3484.6
2017-06-07 00:00:00,1.829471,5952,3533
2017-06-08 00:00:00,1.841791,5940,3559.8
2017-06-09 00:00:00,1.852571,5964.4,3578.6
2017-06-12 00:00:00,1.844871,5882.2,3568
2017-06-13 00:00:00,1.854111,5955.4,3576.2
2017-06-14 00:00:00,1.838711,5956.6,3532
2017-06-15 00:00:00,1.840251,6008.4,3524
2017-06-16 00:00:00,1.840251,5957.6,3488
2017-06-19 00:00:00,1.851031,6006,3530
2017-06-20 00:00:00,1.849491,6029.4,3521
2017-06-21 00:00:00,1.86797,6034,3558.4
2017-06-22 00:00:00,1.86027,5944.8,3560.8
2017-06-23 00:00:00,1.87567,5953.2,3597.4
2017-06-26 00:00:00,1.900309,6085.8,3647.2
2017-06-27 00:00:00,1.906469,6061,3650.4
2017-06-28 00:00:00,1.88953,6048,3627
2017-06-29 00:00:00,1.903389,6074.4,3649
2017-06-30 00:00:00,1.912629,6097.2,3642.6
2017-07-03 00:00:00,1.908009,6146,3625.8
2017-07-04 00:00:00,1.89261,6119,3587
2017-07-05 00:00:00,1.915709,6161.4,3640.8
2017-07-06 00:00:00,1.921869,6146.4,3633.2
2017-07-07 00:00:00,1.921869,6183.2,3627.2
2017-07-10 00:00:00,1.917249,6165,3634
2017-07-11 00:00:00,1.915709,6108.4,3661.8
2017-07-12 00:00:00,1.914169,6085.4,3638.8
2017-07-13 00:00:00,1.918789,6108.2,3679.2
2017-07-14 00:00:00,1.921869,6093.4,3698.8
2017-07-17 00:00:00,1.88953,5825.6,3649.8
2017-07-18 00:00:00,1.89415,5899,3650
2017-07-19 00:00:00,1.926489,6033.2,3729.4
2017-07-20 00:00:00,1.935728,6074,3747.2
2017-07-21 00:00:00,1.932649,6123,3738
2017-07-24 00:00:00,1.941888,6083.8,3733
2017-07-25 00:00:00,1.938808,6081.2,3704.8
2017-07-26 00:00:00,1.934189,6070,3684
2017-07-27 00:00:00,1.940348,6129.4,3690.6
2017-07-28 00:00:00,1.946508,6185.2,3708.4
2017-07-31 00:00:00,1.958828,6265.6,3722.2
2017-08-01 00:00:00,1.963448,6247.6,3748.8
2017-08-02 00:00:00,1.955748,6225.4,3753.4
2017-08-03 00:00:00,1.944968,6233.8,3715.8
2017-08-04 00:00:00,1.935728,6185.2,3692
2017-08-07 00:00:00,1.951128,6280,3715
2017-08-08 00:00:00,1.955748,6272.2,3717.4
2017-08-09 00:00:00,1.966528,6317.4,3715
2017-08-10 00:00:00,1.964988,6251,3701
2017-08-11 00:00:00,1.935728,6139.2,3627.8
2017-08-14 00:00:00,1.960368,6286.4,3681.4
2017-08-15 00:00:00,1.969608,6292.8,3694.4
2017-08-16 00:00:00,1.966528,6309.6,3673.8
2017-08-17 00:00:00,1.968068,6319.4,3703
2017-08-18 00:00:00,1.961908,6286.6,3705
2017-08-21 00:00:00,1.974227,6358.8,3721.2
2017-08-22 00:00:00,1.975767,6336,3732.6
2017-08-23 00:00:00,1.972687,6285.2,3741.6
2017-08-24 00:00:00,1.957288,6248.6,3724
2017-08-25 00:00:00,1.986547,6327.2,3794.8
2017-08-28 00:00:00,2.006567,6417.8,3843.8
2017-08-29 00:00:00,2.006567,6389.8,3837.8
2017-08-30 00:00:00,2.009646,6433.6,3834.2
2017-08-31 00:00:00,2.009646,6464.2,3829.6
2017-09-01 00:00:00,2.020426,6528.6,3837.8
2017-09-04 00:00:00,2.028126,6548.6,3842.6
2017-09-05 00:00:00,2.034286,6569.2,3854.2
2017-09-06 00:00:00,2.035826,6593.6,3846.6
2017-09-07 00:00:00,2.021966,6549.4,3828.2
2017-09-08 00:00:00,2.025046,6553.2,3820.8
2017-09-11 00:00:00,2.029666,6661.8,3831.4
2017-09-12 00:00:00,2.032746,6646.6,3844.2
2017-09-13 00:00:00,2.040446,6681.6,3844.2
2017-09-14 00:00:00,2.035826,6681.4,3830.4
2017-09-15 00:00:00,2.029666,6629.2,3834.2
2017-09-18 00:00:00,2.045066,6678.4,3854.8
2017-09-19 00:00:00,2.043526,6600.6,3823.8
2017-09-20 00:00:00,2.051225,6668.6,3845.4
2017-09-21 00:00:00,2.043526,6594.6,3837.2
2017-09-22 00:00:00,2.045066,6532.2,3829.4
2017-09-25 00:00:00,2.034286,6440.8,3801.4
2017-09-26 00:00:00,2.035826,6485,3813.8
2017-09-27 00:00:00,2.038906,6560,3819.8
2017-09-28 00:00:00,2.034286,6552,3831
2017-09-29 00:00:00,2.052765,6598.2,3849.2
2017-10-09 00:00:00,2.072785,6684.2,3888.8
2017-10-10 00:00:00,2.077405,6717,3893
2017-10-11 00:00:00,2.085104,6660.8,3902.2
2017-10-12 00:00:00,2.089724,6650.2,3916
2017-10-13 00:00:00,2.098964,6722,3933
2017-10-16 00:00:00,2.095884,6606.6,3918
2017-10-17 00:00:00,2.100504,6591.8,3911
2017-10-18 00:00:00,2.109744,6542.8,3930.8
2017-10-19 00:00:00,2.108204,6497,3922.6
2017-10-20 00:00:00,2.109744,6548,3924.4
2017-10-23 00:00:00,2.118984,6576.2,3922
2017-10-24 00:00:00,2.128223,6560.8,3945.6
2017-10-25 00:00:00,2.142083,6599.8,3967
2017-10-26 00:00:00,2.140543,6622.6,3993.8
2017-10-27 00:00:00,2.143623,6601.4,4021.8
2017-10-30 00:00:00,2.135923,6468.2,3981.6
2017-10-31 00:00:00,2.142083,6507.6,3993.8
2017-11-01 00:00:00,2.134383,6481,3981.6
2017-11-02 00:00:00,2.122064,6440,3987.4
2017-11-03 00:00:00,2.112824,6362,3963.4
2017-11-06 00:00:00,2.139003,6475,4008.4
2017-11-07 00:00:00,2.152863,6514.4,4049
2017-11-08 00:00:00,2.146703,6541,4046.6
2017-11-09 00:00:00,2.162102,6600.4,4080.2
2017-11-10 00:00:00,2.180582,6619.6,4115.6
2017-11-13 00:00:00,2.199061,6654,4127.4
2017-11-14 00:00:00,2.183662,6591.2,4101
2017-11-15 00:00:00,2.165182,6527,4070.8
2017-11-16 00:00:00,2.186742,6506.8,4107
2017-11-17 00:00:00,2.166722,6323.6,4118.2
2017-11-20 00:00:00,2.191362,6389.6,4146
2017-11-21 00:00:00,2.211381,6418,4232.4
2017-11-22 00:00:00,2.206761,6375.2,4235.6
2017-11-23 00:00:00,2.134383,6208.2,4099
2017-11-24 00:00:00,2.129763,6227,4099.2
2017-11-27 00:00:00,2.103584,6136,4022
2017-11-28 00:00:00,2.117444,6262.4,4041.2
2017-11-29 00:00:00,2.125143,6273.2,4035.8
2017-11-30 00:00:00,2.100504,6200,3982
2017-12-01 00:00:00,2.109744,6279,3978.8
2017-12-04 00:00:00,2.117444,6233.8,3999
2017-12-05 00:00:00,2.108204,6098,4017.2
2017-12-06 00:00:00,2.103584,6132,3988
2017-12-07 00:00:00,2.083565,6085.6,3948.6
2017-12-08 00:00:00,2.106664,6174,3998
2017-12-11 00:00:00,2.142083,6270.6,4067.4
2017-12-12 00:00:00,2.120524,6226.8,4010.2
2017-12-13 00:00:00,2.139003,6273.8,4046.6
2017-12-14 00:00:00,2.140543,6284,4030
2017-12-15 00:00:00,2.122064,6207,3977
2017-12-18 00:00:00,2.122064,6161.8,3984.8
2017-12-19 00:00:00,2.151323,6234,4044
2017-12-20 00:00:00,2.149783,6158.4,4029
2017-12-21 00:00:00,2.177502,6227,4082
2017-12-22 00:00:00,2.174422,6243.2,4069.2
2017-12-25 00:00:00,2.165182,6162,4049.2
2017-12-26 00:00:00,2.175962,6219.4,4068.8
2017-12-27 00:00:00,2.146703,6156.2,3991.4
2017-12-28 00:00:00,2.155943,6206,4030
2017-12-29 00:00:00,2.172882,6280.8,4039.8
2017-12-31 00:00:00,2.172882,,
2018-01-02 00:00:00,2.200601,6345,4104
2018-01-03 00:00:00,2.216001,6388.2,4121.6
2018-01-04 00:00:00,2.217541,6406.8,4135.8
2018-01-05 00:00:00,2.212921,6400.8,4148.2
2018-01-08 00:00:00,2.212921,6433,4163.8
2018-01-09 00:00:00,2.228321,6435,4197.4
2018-01-10 00:00:00,2.226781,6406.6,4212.2
2018-01-11 00:00:00,2.225241,6423.2,4208.4
2018-01-12 00:00:00,2.226781,6401.2,4229
2018-01-15 00:00:00,2.214461,6273,4223.4
2018-01-16 00:00:00,2.223701,6285.6,4269.2
2018-01-17 00:00:00,2.211381,6250,4250.6
2018-01-18 00:00:00,2.223701,6285.6,4280
2018-01-19 00:00:00,2.225241,6281,4312
2018-01-22 00:00:00,2.2545,6348.6,4361.6
2018-01-23 00:00:00,2.277599,6345.8,4404
2018-01-24 00:00:00,2.279139,6409.6,4408.8
2018-01-25 00:00:00,2.26682,6387,4380
2018-01-26 00:00:00,2.276059,6397,4406.6
2018-01-29 00:00:00,2.23756,6312.2,4323.4
2018-01-30 00:00:00,2.226781,6302.8,4276.2
2018-01-31 00:00:00,2.226781,6186.6,4283.6
2018-02-01 00:00:00,2.200601,5970,4242.6
2018-02-02 00:00:00,2.212921,5986.2,4277.8
2018-02-05 00:00:00,2.212921,5979.8,4267.6
2018-02-06 00:00:00,2.134383,5686.8,4120
2018-02-07 00:00:00,2.078945,5663,4020.8
2018-02-08 00:00:00,2.072785,5747,4000.6
2018-02-09 00:00:00,1.997327,5504,3774.6
2018-02-12 00:00:00,2.038906,5637.8,3855
2018-02-13 00:00:00,2.065085,5688,3904.6
2018-02-14 00:00:00,2.078945,5708,3952.4
2018-02-22 00:00:00,2.123603,5825,4025.4
2018-02-23 00:00:00,2.131303,5833.4,4049.6
2018-02-26 00:00:00,2.159023,6004.6,4108.2
2018-02-27 00:00:00,2.134383,5979.6,4042
2018-02-28 00:00:00,2.128223,5983.4,4002
2018-03-01 00:00:00,2.143623,6057.8,4035
2018-03-02 00:00:00,2.128223,6035.2,4010
2018-03-05 00:00:00,2.132843,6019.2,3992
2018-03-06 00:00:00,2.166722,6111.8,4064
2018-03-07 00:00:00,2.152863,6031,4009.4
2018-03-08 00:00:00,2.171342,6095.4,4065.2
2018-03-09 00:00:00,2.191362,6198.8,4103.6
2018-03-12 00:00:00,2.202141,6275.4,4119.4
2018-03-13 00:00:00,2.185202,6241,4075.2
2018-03-14 00:00:00,2.171342,6177,4065
2018-03-15 00:00:00,2.174422,6172,4097.6
2018-03-16 00:00:00,2.151323,6174.2,4082
2018-03-19 00:00:00,2.155943,6080.4,4049.2
2018-03-20 00:00:00,2.162102,6103.2,4049.6
2018-03-21 00:00:00,2.145163,6040,4025
2018-03-22 00:00:00,2.120524,6037.4,3983.4
2018-03-23 00:00:00,2.054305,5665.6,3816.4
2018-03-26 00:00:00,2.062005,5846,3854
2018-03-27 00:00:00,2.089724,6005.6,3898
2018-03-28 00:00:00,2.058925,5915.2,3809.2
2018-03-29 00:00:00,2.085104,6012,3886.4
2018-03-30 00:00:00,2.102044,6101,3884.2
2018-04-02 00:00:00,2.097424,6075,3856.4
2018-04-03 00:00:00,2.083565,6023.4,3853.6
2018-04-04 00:00:00,2.077405,5976,3841.6
2018-04-09 00:00:00,2.075865,5981.8,3845.8
2018-04-10 00:00:00,2.106664,6048,3925.8
2018-04-11 00:00:00,2.118984,6055,3932.6
2018-04-12 00:00:00,2.098964,6022.8,3892.4
2018-04-13 00:00:00,2.086644,6010,3860.4
2018-04-16 00:00:00,2.058925,5989,3796.6
2018-04-17 00:00:00,2.018886,5888,3738.8
2018-04-18 00:00:00,2.034286,5951,3754
2018-04-19 00:00:00,2.052765,6000,3811
2018-04-20 00:00:00,2.015806,5908,3760.2
2018-04-23 00:00:00,2.005027,5779.2,3748
2018-04-24 00:00:00,2.057385,5913.2,3835.4
2018-04-25 00:00:00,2.055845,5913,3818
2018-04-26 00:00:00,2.025046,5806.4,3735.4
2018-04-27 00:00:00,2.037366,5852.2,3746
2018-05-02 00:00:00,2.046606,5827.8,3758.8
2018-05-03 00:00:00,2.062005,5892.4,3786
2018-05-04 00:00:00,2.062005,5881,3763.4
2018-05-07 00:00:00,2.098964,6001,3827.2
2018-05-08 00:00:00,2.115904,6028.6,3880
2018-05-09 00:00:00,2.111284,6011,3869
2018-05-10 00:00:00,2.117444,6036.4,3897.8
2018-05-11 00:00:00,2.105124,5993,3876.2
2018-05-14 00:00:00,2.115904,5964,3912.2
2018-05-15 00:00:00,2.131303,6020,3924.6
2018-05-16 00:00:00,2.118984,6012.6,3894.6
2018-05-17 00:00:00,2.103584,5925,3840.8
2018-05-18 00:00:00,2.120524,5975.2,3903
2018-05-21 00:00:00,2.135923,6027.4,3907.4
2018-05-22 00:00:00,2.129763,6066,3895
2018-05-23 00:00:00,2.103584,5992.4,3835.4
2018-05-24 00:00:00,2.091264,5966.8,3805.2
2018-05-25 00:00:00,2.075865,5874.8,3789.2
2018-05-28 00:00:00,2.083565,5878.4,3821.2
2018-05-29 00:00:00,2.065085,5794.4,3775
2018-05-30 00:00:00,2.029666,5653.2,3699.2
2018-05-31 00:00:00,2.071245,5738,3784
2018-06-01 00:00:00,2.048145,5664,3752.8
2018-06-04 00:00:00,2.057385,5671,3786
2018-06-05 00:00:00,2.086644,5770.2,3822.8
2018-06-06 00:00:00,2.088184,5765.6,3823.6
2018-06-07 00:00:00,2.083565,5732,3817.2
2018-06-08 00:00:00,2.060465,5658.6,3761
2018-06-11 00:00:00,2.057385,5639.2,3773.4
2018-06-12 00:00:00,2.086644,5686.8,3818
2018-06-13 00:00:00,2.068165,5603,3778.4
2018-06-14 00:00:00,2.060465,5594,3768.6
2018-06-15 00:00:00,2.043526,5436.6,3752.8
2018-06-19 00:00:00,1.971148,5057.8,3569.6
2018-06-20 00:00:00,1.991167,5142.2,3596.4
2018-06-21 00:00:00,1.963448,5010,3546.6
2018-06-22 00:00:00,1.985007,5110.8,3572.4
2018-06-25 00:00:00,1.958828,5028.8,3509.2
2018-06-26 00:00:00,1.952668,5095,3492
2018-06-27 00:00:00,1.920329,5001,3388.2
2018-06-28 00:00:00,1.897229,5007.2,3380.2
2018-06-29 00:00:00,1.952668,5185.4,3477.2
2018-06-30 00:00:00,1.952668,,
2018-07-02 00:00:00,1.909549,5100,3352.6
2018-07-03 00:00:00,1.914169,5144,3364.8
2018-07-04 00:00:00,1.898769,5085.4,3330.6
2018-07-05 00:00:00,1.87259,4920.2,3303.4
2018-07-06 00:00:00,1.88029,4948,3328.2
2018-07-09 00:00:00,1.935728,5088,3439.8
2018-07-10 00:00:00,1.946508,5115,3445.8
2018-07-11 00:00:00,1.921869,5008.8,3379.4
2018-07-12 00:00:00,1.964988,5178.4,3475.2
2018-07-13 00:00:00,1.975767,5191,3476.6
2018-07-16 00:00:00,1.968068,5199.2,3459
2018-07-17 00:00:00,1.958828,5184.4,3442
2018-07-18 00:00:00,1.949588,5159.2,3424
2018-07-19 00:00:00,1.941888,5021,3431.8
2018-07-20 00:00:00,1.977307,5107.6,3473.4
2018-07-23 00:00:00,1.995787,5163.8,3509.2
2018-07-24 00:00:00,2.017346,5267.2,3574.2
2018-07-25 00:00:00,2.018886,5272.8,3568.2
2018-07-26 00:00:00,1.992707,5238,3525
2018-07-27 00:00:00,1.986547,5206.8,3520
2018-07-30 00:00:00,1.972687,5117,3503.2
2018-07-31 00:00:00,1.972687,5126.4,3512.6
2018-08-01 00:00:00,1.931109,5029.2,3423.2
2018-08-02 00:00:00,1.88953,4903.6,3345
2018-08-03 00:00:00,1.858731,4836.6,3283.6
2018-08-06 00:00:00,1.827931,4760.8,3259.8
2018-08-07 00:00:00,1.87567,4892,3358.8
2018-08-08 00:00:00,1.843331,4811.4,3304.8
2018-08-09 00:00:00,1.89107,4944.2,3386
2018-08-10 00:00:00,1.898769,4975.6,3397
2018-08-13 00:00:00,1.897229,5006,3382.2
2018-08-14 00:00:00,1.89107,4995.8,3369.6
2018-08-15 00:00:00,1.847951,4878,3255.4
2018-08-16 00:00:00,1.840251,4820.4,3249
2018-08-17 00:00:00,1.815612,4738,3202.2
2018-08-20 00:00:00,1.827931,4783.6,3251
2018-08-21 00:00:00,1.86181,4825,3301
2018-08-22 00:00:00,1.847951,4806,3300.2
2018-08-23 00:00:00,1.858731,4826.2,3302.2
2018-08-24 00:00:00,1.86489,4809.4,3309.8
2018-08-27 00:00:00,1.909549,4931.4,3397.8
2018-08-28 00:00:00,1.908009,4936.8,3387
2018-08-29 00:00:00,1.89569,4918.2,3379.8
2018-08-30 00:00:00,1.87413,4846,3343
2018-08-31 00:00:00,1.86489,4783.4,3321.2
2018-09-03 00:00:00,1.86643,4819.6,3310.4
2018-09-04 00:00:00,1.88491,4857.6,3357.2
2018-09-05 00:00:00,1.852571,4785,3277.8
2018-09-06 00:00:00,1.835631,4767.8,3248.6
2018-09-07 00:00:00,1.843331,4765,3273.2
2018-09-10 00:00:00,1.809452,4684.2,3227
2018-09-11 00:00:00,1.801752,4694.4,3219
2018-09-12 00:00:00,1.787892,4675,3196.4
2018-09-13 00:00:00,1.804832,4718,3238.4
2018-09-14 00:00:00,1.798672,4654.4,3240.6
2018-09-17 00:00:00,1.777113,4602.8,3207.2
2018-09-18 00:00:00,1.812532,4679.4,3273.4
2018-09-19 00:00:00,1.843331,4734.4,3311
2018-09-20 00:00:00,1.840251,4743.6,3315
2018-09-21 00:00:00,1.88799,4827.8,3428.2
2018-09-25 00:00:00,1.87413,4793.2,3389.2
2018-09-26 00:00:00,1.89415,4800,3422.2
2018-09-27 00:00:00,1.88029,4764.6,3415.8
2018-09-28 00:00:00,1.897229,4820.4,3448.8
2018-10-08 00:00:00,1.820232,4654.8,3288.8
2018-10-09 00:00:00,1.817152,4624.8,3287
2018-10-10 00:00:00,1.814072,4639.2,3289
2018-10-11 00:00:00,1.732454,4258.2,3106.8
2018-10-12 00:00:00,1.763253,4267.2,3169
2018-10-15 00:00:00,1.738614,4178.4,3122.4
2018-10-16 00:00:00,1.713974,4100.4,3110.2
2018-10-17 00:00:00,1.718594,4064,3121
2018-10-18 00:00:00,1.680095,3963.8,3048
2018-10-19 00:00:00,1.738614,4057.8,3131.8
2018-10-22 00:00:00,1.814072,4298,3290.6
2018-10-23 00:00:00,1.769413,4191,3180
2018-10-24 00:00:00,1.767873,4184,3187
2018-10-25 00:00:00,1.766333,4204.4,3201.6
2018-10-26 00:00:00,1.752473,4170,3167.4
2018-10-29 00:00:00,1.704735,4124,3077.6
2018-10-30 00:00:00,1.721674,4170.8,3113.6
2018-10-31 00:00:00,1.747853,4233,3150
2018-11-01 00:00:00,1.760173,4260.4,3173
2018-11-02 00:00:00,1.820232,4417.8,3305.2
2018-11-05 00:00:00,1.807912,4414.4,3263.6
2018-11-06 00:00:00,1.800212,4420,3246
2018-11-07 00:00:00,1.792512,4371.8,3212
2018-11-08 00:00:00,1.783273,4350,3213.6
2018-11-09 00:00:00,1.757093,4346.4,3168
2018-11-12 00:00:00,1.781733,4468,3206.4
2018-11-13 00:00:00,1.790972,4558.6,3240.8
2018-11-14 00:00:00,1.777113,4535.6,3203.6
2018-11-15 00:00:00,1.795592,4619,3247.4
2018-11-16 00:00:00,1.800212,4647.8,3259.8
2018-11-19 00:00:00,1.812532,4659.4,3296.4
2018-11-20 00:00:00,1.770953,4520,3223.4
2018-11-21 00:00:00,1.774033,4536.2,3222
2018-11-22 00:00:00,1.767873,4523,3212
2018-11-23 00:00:00,1.730914,4328.2,3136.2
2018-11-26 00:00:00,1.727834,4315.8,3130.4
2018-11-27 00:00:00,1.726294,4344.2,3126.6
2018-11-28 00:00:00,1.747853,4398,3171.4
2018-11-29 00:00:00,1.729374,4312.2,3138.6
2018-11-30 00:00:00,1.744774,4328.2,3168
2018-12-03 00:00:00,1.792512,4472,3259.2
2018-12-04 00:00:00,1.797132,4514.6,3270
2018-12-05 00:00:00,1.790972,4470,3253.8
2018-12-06 00:00:00,1.757093,4388.2,3187.8
2018-12-07 00:00:00,1.755553,4386,3179.6
2018-12-10 00:00:00,1.740154,4336.6,3148.6
2018-12-11 00:00:00,1.752473,4387.2,3164.6
2018-12-12 00:00:00,1.757328,4371.8,3172.4
2018-12-13 00:00:00,1.781601,4430.2,3222.8
2018-12-14 00:00:00,1.75571,4329.6,3169.4
2018-12-17 00:00:00,1.744383,4321.2,3167.8
2018-12-18 00:00:00,1.729819,4295.2,3128.4
2018-12-19 00:00:00,1.707165,4236.2,3091.8
2018-12-20 00:00:00,1.699074,4264,3073.2
2018-12-21 00:00:00,1.679656,4206,3016.2
2018-12-24 00:00:00,1.692602,4255,3037
2018-12-25 00:00:00,1.689365,4195.2,3018
2018-12-26 00:00:00,1.682893,4189,3005
2018-12-27 00:00:00,1.67642,4131,2995.8
2018-12-28 00:00:00,1.686129,4120.4,2996
2018-12-31 00:00:00,1.686129,,
2019-01-02 00:00:00,1.663475,4096.8,2962.2
2019-01-03 00:00:00,1.655384,4086.6,2962.6
2019-01-04 00:00:00,1.687747,4207.8,3041.4
2019-01-07 00:00:00,1.700692,4268.6,3047.2
2019-01-08 00:00:00,1.69422,4270.8,3050.6
2019-01-09 00:00:00,1.707165,4273.8,3072
2019-01-10 00:00:00,1.708783,4277.4,3075.6
2019-01-11 00:00:00,1.718492,4312,3099.2
2019-01-14 00:00:00,1.708783,4290.2,3070.8
2019-01-15 00:00:00,1.73791,4351.4,3130
2019-01-16 00:00:00,1.744383,4341,3129.4
2019-01-17 00:00:00,1.734674,4274.4,3114.6
2019-01-18 00:00:00,1.762183,4327.6,3158.2
2019-01-21 00:00:00,1.770274,4349,3186.6
2019-01-22 00:00:00,1.750856,4278.2,3147.2
2019-01-23 00:00:00,1.757328,4285,3138.4
2019-01-24 00:00:00,1.767037,4321,3164.4
2019-01-25 00:00:00,1.779983,4297.4,3188.8
2019-01-28 00:00:00,1.778364,4278.6,3185.2
2019-01-29 00:00:00,1.783219,4227.4,3200
2019-01-30 00:00:00,1.771892,4185,3178.6
2019-01-31 00:00:00,1.786455,4168,3207.4
2019-02-01 00:00:00,1.812346,4305,3261.4
2019-02-11 00:00:00,1.841473,4400,3305.6
2019-02-12 00:00:00,1.847946,4428.8,3330
2019-02-13 00:00:00,1.872218,4509.8,3405.2
2019-02-14 00:00:00,1.872218,4537,3411.8
2019-02-15 00:00:00,1.841473,4502.6,3352.6
2019-02-18 00:00:00,1.894872,4677,3447.4
2019-02-19 00:00:00,1.886782,4659,3438
2019-02-20 00:00:00,1.893254,4652,3449.6
2019-02-21 00:00:00,1.8884,4662,3448
2019-02-22 00:00:00,1.923999,4804.8,3539.8
2019-02-25 00:00:00,2.012999,5123,3800.2
2019-02-26 00:00:00,1.993581,5063.2,3701.8
2019-02-27 00:00:00,1.983872,5017.4,3685.2
2019-02-28 00:00:00,1.988726,5034.6,3677.4
2019-03-01 00:00:00,2.022708,5081.2,3750
2019-03-04 00:00:00,2.043744,5144.4,3786.8
2019-03-05 00:00:00,2.061543,5298.8,3822.8
2019-03-06 00:00:00,2.077725,5400,3846.6
2019-03-07 00:00:00,2.055071,5442.4,3808.8
2019-03-08 00:00:00,1.990344,5296.4,3673.2
2019-03-11 00:00:00,2.032416,5448.8,3721
2019-03-12 00:00:00,2.051834,5546.2,3747.4
2019-03-13 00:00:00,2.027562,5403.6,3720.8
2019-03-14 00:00:00,2.012999,5289.6,3699
2019-03-15 00:00:00,2.045362,5351.2,3741.2
2019-03-18 00:00:00,2.100379,5513.8,3868.2
2019-03-19 00:00:00,2.092289,5487.4,3836
2019-03-20 00:00:00,2.08258,5470,3837.4
2019-03-21 00:00:00,2.089052,5541.4,3830
2019-03-22 00:00:00,2.089052,5611.2,3843.4
2019-03-25 00:00:00,2.053453,5518.6,3740.8
2019-03-26 00:00:00,2.027562,5358,3709
2019-03-27 00:00:00,2.051834,5391.6,3730
2019-03-28 00:00:00,2.045362,5318.6,3721.8
2019-03-29 00:00:00,2.116561,5534.4,3876.2
2019-04-01 00:00:00,2.169961,5766,3982
2019-04-02 00:00:00,2.169961,5746.6,3971.2
2019-04-03 00:00:00,2.192615,5828.6,4030.8
2019-04-04 00:00:00,2.215269,5882.6,4085.6
2019-04-08 00:00:00,2.210415,5800.8,4052.2
2019-04-09 00:00:00,2.213651,5836.8,4081.6
2019-04-10 00:00:00,2.215269,5818.8,4089.6
2019-04-11 00:00:00,2.173197,5721.2,4013
2019-04-12 00:00:00,2.165106,5701.2,3996.8
2019-04-15 00:00:00,2.152161,5609,3967.8
2019-04-16 00:00:00,2.197469,5759.2,4093
2019-04-17 00:00:00,2.202324,5772.4,4080.6
2019-04-18 00:00:00,2.195851,5765.2,4070.6
2019-04-19 00:00:00,2.216887,5781.2,4091.6
2019-04-22 00:00:00,2.174815,5677,4020.2
2019-04-23 00:00:00,2.165106,5552.8,4018.8
2019-04-24 00:00:00,2.176433,5627,4025
2019-04-25 00:00:00,2.132743,5411.2,3948.6
2019-04-26 00:00:00,2.113325,5375.2,3891.4
2019-04-29 00:00:00,2.116561,5258.8,3914.8
2019-04-30 00:00:00,2.123034,5267.2,3913.8
2019-05-06 00:00:00,2.008144,4810,3668
2019-05-07 00:00:00,2.025944,4906,3714.4
2019-05-08 00:00:00,2.00329,4873.2,3664.2
2019-05-09 00:00:00,1.972544,4842.8,3597.6
2019-05-10 00:00:00,2.040507,5018,3711
2019-05-13 00:00:00,2.014617,4938.4,3657.2
2019-05-14 00:00:00,2.00329,4938.8,3638.6
2019-05-15 00:00:00,2.04698,5046.2,3715.2
2019-05-16 00:00:00,2.059925,5091.4,3732.8
2019-05-17 00:00:00,2.012999,4824.8,3617.4
2019-05-20 00:00:00,2.000053,4825,3587.8
2019-05-21 00:00:00,2.027562,4903.6,3625.2
2019-05-22 00:00:00,2.024326,4889.8,3622
2019-05-23 00:00:00,1.996817,4788.2,3557.6
2019-05-24 00:00:00,1.996817,4772.6,3569.4
2019-05-27 00:00:00,2.022708,4903,3607.2
2019-05-28 00:00:00,2.037271,4888.8,3626
2019-05-29 00:00:00,2.040507,4866,3627.4
2019-05-30 00:00:00,2.034035,4868.6,3619.4
2019-05-31 00:00:00,2.032416,4808.8,3594.8
2019-06-03 00:00:00,2.025944,4788,3613.8
2019-06-04 00:00:00,2.001671,4746.8,3586.2
2019-06-05 00:00:00,2.001671,4721.8,3574.6
2019-06-06 00:00:00,1.982253,4611.8,3544.6
2019-06-10 00:00:00,2.009762,4658,3591.8
2019-06-11 00:00:00,2.069634,4876.6,3706.2
2019-06-12 00:00:00,2.055071,4816.4,3676
2019-06-13 00:00:00,2.050216,4838.6,3668.6
2019-06-14 00:00:00,2.035653,4769.2,3645
2019-06-17 00:00:00,2.030798,4792.8,3652
2019-06-18 00:00:00,2.037271,4790.8,3661.2
2019-06-19 00:00:00,2.069634,4855,3718.4
2019-06-20 00:00:00,2.124652,4954.2,3821.6
2019-06-21 00:00:00,2.135979,5012,3828.4
2019-06-24 00:00:00,2.142452,4974.6,3814
2019-06-25 00:00:00,2.121008,4920.8,3773
2019-06-26 00:00:00,2.117109,4916.2,3769
2019-06-27 00:00:00,2.144402,4957.2,3813.8
2019-06-28 00:00:00,2.140503,4920,3817.6
2019-06-30 00:00:00,2.140503,,
2019-07-01 00:00:00,2.198986,5050,3911
2019-07-02 00:00:00,2.202885,5033.4,3913
2019-07-03 00:00:00,2.179492,5004.6,3879.2
2019-07-04 00:00:00,2.161947,4984,3855.8
2019-07-05 00:00:00,2.177542,5017,3874.6
2019-07-08 00:00:00,2.130755,4821.6,3780
2019-07-09 00:00:00,2.130755,4829.4,3771.4
2019-07-10 00:00:00,2.126856,4809.8,3772.6
2019-07-11 00:00:00,2.126856,4800.6,3769.2
2019-07-12 00:00:00,2.136604,4843,3799.8
2019-07-15 00:00:00,2.152199,4906,3817.8
2019-07-16 00:00:00,2.142452,4921.2,3803.4
2019-07-17 00:00:00,2.138553,4911.4,3794.6
2019-07-18 00:00:00,2.11516,4848.2,3770.6
2019-07-19 00:00:00,2.136604,4881.4,3805.8
2019-07-22 00:00:00,2.146351,4733.2,3769.2
2019-07-23 00:00:00,2.158048,4776.4,3780
2019-07-24 00:00:00,2.179492,4820.4,3810
2019-07-25 00:00:00,2.193138,4846.4,3848.8
2019-07-26 00:00:00,2.198986,4859.2,3851.8
2019-07-29 00:00:00,2.198986,4844,3843.6
2019-07-30 00:00:00,2.208734,4877.6,3861.4
2019-07-31 00:00:00,2.195087,4874,3838
2019-08-01 00:00:00,2.181441,4841,3798.4
2019-08-02 00:00:00,2.161947,4779.2,3740
2019-08-05 00:00:00,2.130755,4725,3667
2019-08-06 00:00:00,2.119059,4626.8,3625.8
2019-08-07 00:00:00,2.11321,4591.6,3598.2
2019-08-08 00:00:00,2.138553,4616.6,3638.8
2019-08-09 00:00:00,2.117109,4570.6,3621.6
2019-08-12 00:00:00,2.152199,4665.8,3672.8
2019-08-13 00:00:00,2.142452,4646.8,3652.2
2019-08-14 00:00:00,2.154149,4672,3673.4
2019-08-15 00:00:00,2.163896,4652.6,3688.4
2019-08-16 00:00:00,2.169745,4664.8,3684.8
2019-08-19 00:00:00,2.218481,4853.8,3783.4
2019-08-20 00:00:00,2.212633,4831.8,3772
2019-08-21 00:00:00,2.212633,4842.8,3775
2019-08-22 00:00:00,2.216531,4837.2,3777.2
2019-08-23 00:00:00,2.232127,4841.8,3805.2
2019-08-26 00:00:00,2.210683,4815,3762.2
2019-08-27 00:00:00,2.237975,4874.4,3803.4
2019-08-28 00:00:00,2.228228,4885.8,3795
2019-08-29 00:00:00,2.226279,4891.2,3782.2
2019-08-30 00:00:00,2.228228,4859,3791.8
2019-09-02 00:00:00,2.253571,4977.4,3832.6
2019-09-03 00:00:00,2.261369,5004,3835
2019-09-04 00:00:00,2.271116,5098,3888
2019-09-05 00:00:00,2.284762,5125.8,3923.6
2019-09-06 00:00:00,2.29256,5151.4,3958
2019-09-09 00:00:00,2.312055,5248.6,3968.2
2019-09-10 00:00:00,2.304257,5236.4,3960.6
2019-09-11 00:00:00,2.284762,5218,3933.8
2019-09-12 00:00:00,2.304257,5240.2,3976.8
2019-09-16 00:00:00,2.298409,5237.4,3959.8
2019-09-17 00:00:00,2.267217,5130,3888.4
2019-09-18 00:00:00,2.282813,5130.8,3904.2
2019-09-19 00:00:00,2.290611,5185.6,3925
2019-09-20 00:00:00,2.296459,5203.6,3932
2019-09-23 00:00:00,2.273066,5139.4,3894.8
2019-09-24 00:00:00,2.282813,5127.2,3894.6
2019-09-25 00:00:00,2.271116,5047.6,3869.6
2019-09-26 00:00:00,2.243824,4953.2,3844.4
2019-09-27 00:00:00,2.253571,4978.6,3855.8
2019-09-30 00:00:00,2.232127,4894,3794
2019-10-08 00:00:00,2.245773,4916.6,3828
2019-10-09 00:00:00,2.255521,4959.8,3832.8
2019-10-10 00:00:00,2.276965,5023.2,3863.8
2019-10-11 00:00:00,2.296459,5055.6,3913.4
2019-10-14 00:00:00,2.312055,5103,3945.2
2019-10-15 00:00:00,2.302308,5051.8,3934.8
2019-10-16 00:00:00,2.300358,5021,3917.8
2019-10-17 00:00:00,2.302308,5028.2,3926.8
2019-10-18 00:00:00,2.273066,4844.4,3880.6
2019-10-21 00:00:00,2.273066,4855.2,3866.8
2019-10-22 00:00:00,2.290611,4906.4,3878.8
2019-10-23 00:00:00,2.275015,4875,3862.8
